{
    "controlPoint": {
        "Translate 0": [
            0.0,
            0.0,
            0.0
        ],
        "Translate 1": [
            0.0,
            0.0,
            30.0
        ],
        "Translate 10": [
            36.900001525878906,
            -3.4000000953674316,
            106.9000015258789
        ],
        "Translate 11": [
            38.79999923706055,
            -7.300000190734863,
            98.30000305175781
        ],
        "Translate 12": [
            30.0,
            -10.0,
            90.0
        ],
        "Translate 13": [
            19.899999618530273,
            -15.100000381469727,
            92.69999694824219
        ],
        "Translate 14": [
            13.699999809265137,
            -20.0,
            104.5
        ],
        "Translate 15": [
            15.899999618530273,
            -25.799999237060547,
            119.0999984741211
        ],
        "Translate 16": [
            23.899999618530273,
            -30.200000762939453,
            130.0
        ],
        "Translate 17": [
            35.099998474121094,
            -33.0,
            136.60000610351563
        ],
        "Translate 18": [
            57.5,
            -33.0,
            137.8000030517578
        ],
        "Translate 19": [
            70.0,
            -33.0,
            162.5
        ],
        "Translate 2": [
            0.0,
            0.0,
            60.0
        ],
        "Translate 20": [
            92.4000015258789,
            -25.100000381469727,
            141.39999389648438
        ],
        "Translate 21": [
            100.0,
            -21.600000381469727,
            110.0
        ],
        "Translate 22": [
            120.0,
            -33.0,
            88.5
        ],
        "Translate 23": [
            140.0,
            -33.0,
            98.19999694824219
        ],
        "Translate 24": [
            144.10000610351563,
            -17.399999618530273,
            120.30000305175781
        ],
        "Translate 25": [
            157.10000610351563,
            -24.200000762939453,
            155.89999389648438
        ],
        "Translate 26": [
            176.89999389648438,
            -33.0,
            158.10000610351563
        ],
        "Translate 27": [
            179.60000610351563,
            -34.70000076293945,
            125.5999984741211
        ],
        "Translate 28": [
            161.60000610351563,
            -33.20000076293945,
            99.5
        ],
        "Translate 29": [
            143.1999969482422,
            -45.900001525878906,
            139.5
        ],
        "Translate 3": [
            0.0,
            10.0,
            78.5
        ],
        "Translate 30": [
            142.1999969482422,
            -53.29999923706055,
            177.89999389648438
        ],
        "Translate 31": [
            178.8000030517578,
            -57.599998474121094,
            172.10000610351563
        ],
        "Translate 32": [
            204.10000610351563,
            -39.599998474121094,
            152.60000610351563
        ],
        "Translate 33": [
            228.60000610351563,
            -19.399999618530273,
            131.5
        ],
        "Translate 34": [
            261.29998779296875,
            -24.299999237060547,
            130.89999389648438
        ],
        "Translate 35": [
            266.20001220703125,
            -34.599998474121094,
            117.5
        ],
        "Translate 36": [
            265.70001220703125,
            -42.099998474121094,
            85.69999694824219
        ],
        "Translate 37": [
            270.29998779296875,
            -49.5,
            60.0
        ],
        "Translate 38": [
            290.0,
            -33.0,
            61.20000076293945
        ],
        "Translate 39": [
            301.3999938964844,
            -33.29999923706055,
            93.30000305175781
        ],
        "Translate 4": [
            -20.100000381469727,
            12.0,
            105.69999694824219
        ],
        "Translate 40": [
            299.29998779296875,
            -39.70000076293945,
            129.10000610351563
        ],
        "Translate 41": [
            270.6000061035156,
            -54.29999923706055,
            132.8000030517578
        ],
        "Translate 42": [
            238.1999969482422,
            -71.69999694824219,
            118.4000015258789
        ],
        "Translate 43": [
            220.89999389648438,
            -44.400001525878906,
            69.5
        ],
        "Translate 44": [
            196.10000610351563,
            -32.70000076293945,
            50.099998474121094
        ],
        "Translate 45": [
            167.10000610351563,
            -22.700000762939453,
            58.599998474121094
        ],
        "Translate 5": [
            -12.399999618530273,
            12.199999809265137,
            135.1999969482422
        ],
        "Translate 6": [
            5.0,
            11.600000381469727,
            154.60000610351563
        ],
        "Translate 7": [
            10.5,
            10.0,
            133.10000610351563
        ],
        "Translate 8": [
            19.0,
            3.5999999046325684,
            120.0
        ],
        "Translate 9": [
            27.799999237060547,
            -1.2000000476837158,
            116.4000015258789
        ]
    }
}
