{
    "controlPoint": {
        "Translate 0": [
            0.0,
            0.0,
            0.0
        ],
        "Translate 1": [
            0.0,
            0.0,
            30.0
        ],
        "Translate 10": [
            36.900001525878906,
            -3.4000000953674316,
            106.9000015258789
        ],
        "Translate 11": [
            38.79999923706055,
            -7.300000190734863,
            98.30000305175781
        ],
        "Translate 12": [
            30.0,
            -10.0,
            90.0
        ],
        "Translate 13": [
            19.899999618530273,
            -15.100000381469727,
            92.69999694824219
        ],
        "Translate 14": [
            13.699999809265137,
            -20.0,
            104.5
        ],
        "Translate 15": [
            15.899999618530273,
            -25.799999237060547,
            119.0999984741211
        ],
        "Translate 16": [
            23.899999618530273,
            -30.200000762939453,
            130.0
        ],
        "Translate 17": [
            35.099998474121094,
            -33.0,
            136.6999969482422
        ],
        "Translate 18": [
            44.0,
            -33.0,
            137.60000610351563
        ],
        "Translate 19": [
            70.0,
            -33.0,
            140.0
        ],
        "Translate 2": [
            0.0,
            0.0,
            60.0
        ],
        "Translate 20": [
            85.0,
            -33.0,
            140.0
        ],
        "Translate 21": [
            100.0,
            -33.0,
            140.0
        ],
        "Translate 22": [
            120.0,
            -33.0,
            130.0
        ],
        "Translate 23": [
            140.0,
            -33.0,
            130.0
        ],
        "Translate 24": [
            150.0,
            -33.0,
            130.0
        ],
        "Translate 25": [
            160.0,
            -33.0,
            130.0
        ],
        "Translate 26": [
            170.0,
            -33.0,
            130.0
        ],
        "Translate 27": [
            180.0,
            -33.0,
            130.0
        ],
        "Translate 28": [
            190.0,
            -33.0,
            130.0
        ],
        "Translate 29": [
            200.0,
            -33.0,
            130.0
        ],
        "Translate 3": [
            0.0,
            10.0,
            80.0
        ],
        "Translate 30": [
            210.0,
            -33.0,
            130.0
        ],
        "Translate 31": [
            220.0,
            -33.0,
            130.0
        ],
        "Translate 32": [
            230.0,
            -33.0,
            130.0
        ],
        "Translate 33": [
            240.0,
            -33.0,
            130.0
        ],
        "Translate 34": [
            250.0,
            -33.0,
            130.0
        ],
        "Translate 35": [
            260.0,
            -33.0,
            130.0
        ],
        "Translate 36": [
            270.0,
            -33.0,
            130.0
        ],
        "Translate 37": [
            280.0,
            -33.0,
            130.0
        ],
        "Translate 38": [
            290.0,
            -33.0,
            130.0
        ],
        "Translate 39": [
            300.0,
            -33.0,
            130.0
        ],
        "Translate 4": [
            0.0,
            12.0,
            90.0
        ],
        "Translate 40": [
            310.0,
            -33.0,
            130.0
        ],
        "Translate 41": [
            320.0,
            -33.0,
            130.0
        ],
        "Translate 42": [
            330.0,
            -33.0,
            130.0
        ],
        "Translate 43": [
            340.0,
            -33.0,
            130.0
        ],
        "Translate 5": [
            0.0,
            12.0,
            100.0
        ],
        "Translate 6": [
            5.0,
            11.600000381469727,
            104.69999694824219
        ],
        "Translate 7": [
            10.5,
            10.0,
            110.0
        ],
        "Translate 8": [
            19.0,
            3.5999999046325684,
            120.0
        ],
        "Translate 9": [
            28.899999618530273,
            -1.2000000476837158,
            116.4000015258789
        ]
    }
}
