{
    "enemys": {
        "Translate 0": [
            7.300000190734863,
            0.0,
            7.099999904632568
        ],
        "Translate 1": [
            -3.799999952316284,
            0.0,
            37.5
        ],
        "Translate 10": [
            43.29999923706055,
            -3.4000000953674316,
            114.69999694824219
        ],
        "Translate 11": [
            49.5,
            -7.300000190734863,
            104.19999694824219
        ],
        "Translate 12": [
            35.599998474121094,
            -10.0,
            96.80000305175781
        ],
        "Translate 13": [
            25.200000762939453,
            -15.100000381469727,
            100.4000015258789
        ],
        "Translate 14": [
            20.5,
            -20.0,
            110.80000305175781
        ],
        "Translate 15": [
            16.700000762939453,
            -25.799999237060547,
            125.5
        ],
        "Translate 16": [
            28.899999618530273,
            -30.200000762939453,
            132.3000030517578
        ],
        "Translate 17": [
            41.0,
            -33.0,
            140.5
        ],
        "Translate 18": [
            64.80000305175781,
            -33.0,
            146.1999969482422
        ],
        "Translate 19": [
            71.69999694824219,
            -33.0,
            167.89999389648438
        ],
        "Translate 2": [
            10.199999809265137,
            0.0,
            64.4000015258789
        ],
        "Translate 20": [
            88.9000015258789,
            -25.100000381469727,
            144.8000030517578
        ],
        "Translate 21": [
            97.0,
            -21.600000381469727,
            115.30000305175781
        ],
        "Translate 22": [
            119.5999984741211,
            -33.0,
            92.5
        ],
        "Translate 23": [
            136.6999969482422,
            -33.0,
            99.69999694824219
        ],
        "Translate 24": [
            139.10000610351563,
            -17.399999618530273,
            118.30000305175781
        ],
        "Translate 25": [
            154.1999969482422,
            -24.200000762939453,
            153.0
        ],
        "Translate 26": [
            171.89999389648438,
            -33.0,
            153.60000610351563
        ],
        "Translate 27": [
            176.3000030517578,
            -34.70000076293945,
            126.5
        ],
        "Translate 28": [
            158.60000610351563,
            -33.20000076293945,
            105.80000305175781
        ],
        "Translate 29": [
            140.6999969482422,
            -45.900001525878906,
            136.8000030517578
        ],
        "Translate 3": [
            -6.5,
            10.0,
            85.0
        ],
        "Translate 30": [
            142.1999969482422,
            -53.29999923706055,
            175.0
        ],
        "Translate 31": [
            175.1999969482422,
            -57.599998474121094,
            169.6999969482422
        ],
        "Translate 32": [
            204.10000610351563,
            -39.599998474121094,
            150.10000610351563
        ],
        "Translate 33": [
            225.60000610351563,
            -19.399999618530273,
            128.5
        ],
        "Translate 34": [
            258.29998779296875,
            -24.299999237060547,
            128.8000030517578
        ],
        "Translate 35": [
            261.0,
            -34.599998474121094,
            118.19999694824219
        ],
        "Translate 36": [
            265.70001220703125,
            -42.099998474121094,
            83.69999694824219
        ],
        "Translate 37": [
            270.29998779296875,
            -49.5,
            64.0
        ],
        "Translate 38": [
            285.0,
            -33.0,
            60.099998474121094
        ],
        "Translate 39": [
            301.3999938964844,
            -33.29999923706055,
            90.30000305175781
        ],
        "Translate 4": [
            -12.699999809265137,
            12.0,
            112.4000015258789
        ],
        "Translate 5": [
            -8.399999618530273,
            12.199999809265137,
            145.3000030517578
        ],
        "Translate 6": [
            6.099999904632568,
            11.600000381469727,
            157.1999969482422
        ],
        "Translate 7": [
            14.699999809265137,
            10.0,
            137.89999389648438
        ],
        "Translate 8": [
            24.799999237060547,
            3.5999999046325684,
            122.5999984741211
        ],
        "Translate 9": [
            34.400001525878906,
            -1.2000000476837158,
            120.0999984741211
        ]
    }
}
